user_id,created,url
189,2022/10/20 5:57:10,register/top
1898,2022/10/19 22:28:47,register/top
1604,2022/10/17 12:18:05,register/top
781,2022/10/10 9:58:20,register/top
432,2022/10/02 20:53:47,register/top
1872,2022/10/08 5:05:13,register/top
1771,2022/10/05 11:18:38,register/top
424,2022/10/30 21:45:48,register/top
1815,2022/10/24 7:54:44,register/top
393,2022/10/23 17:33:47,register/top
1288,2022/10/08 12:16:16,register/top
1635,2022/10/21 15:02:14,register/top
1116,2022/10/14 22:09:18,register/top
1819,2022/10/20 19:07:07,register/top
1168,2022/10/11 23:41:31,register/top
404,2022/10/04 3:39:34,register/top
762,2022/10/19 16:35:21,register/top
1895,2022/10/04 3:48:58,register/top
1821,2022/10/16 5:54:51,register/top
1613,2022/10/21 18:04:02,register/top
914,2022/10/18 10:19:37,register/top
1963,2022/10/04 13:09:45,register/top
963,2022/10/05 18:58:33,register/top
934,2022/10/27 7:01:42,register/top
267,2022/10/30 22:32:45,register/top
986,2022/10/07 12:15:18,register/top
139,2022/10/16 5:01:14,register/top
1965,2022/10/01 12:54:04,register/top
1884,2022/10/12 8:50:01,register/top
796,2022/10/26 18:08:06,register/top
646,2022/10/31 19:20:08,register/top
1828,2022/10/04 13:36:58,register/top
400,2022/10/15 22:51:50,register/top
1485,2022/10/08 1:51:26,register/top
1587,2022/10/16 15:58:58,register/top
1932,2022/10/30 11:54:41,register/top
1141,2022/10/25 1:14:39,register/top
1371,2022/10/19 19:07:38,register/top
1811,2022/10/15 20:12:12,register/top
258,2022/10/05 10:18:53,register/top
1166,2022/10/13 13:53:44,register/top
1021,2022/10/10 12:05:10,register/top
1152,2022/10/01 22:53:47,register/top
1364,2022/10/21 6:27:18,register/top
87,2022/10/07 8:34:32,register/top
666,2022/10/04 17:29:58,register/top
144,2022/10/16 19:34:16,register/top
1874,2022/10/31 9:03:51,register/top
1657,2022/10/29 9:23:37,register/top
322,2022/10/25 8:36:52,register/top
740,2022/10/10 20:38:21,register/top
739,2022/10/10 9:41:36,register/top
371,2022/10/16 22:01:00,register/top
744,2022/10/01 13:46:59,register/top
332,2022/10/30 20:01:59,register/top
799,2022/10/18 6:40:41,register/top
1108,2022/10/03 22:19:14,register/top
623,2022/10/14 18:23:01,register/top
1428,2022/10/26 23:57:10,register/top
219,2022/10/28 23:32:43,register/top
1697,2022/10/16 8:18:22,register/top
675,2022/10/09 15:46:58,register/top
846,2022/10/23 19:42:30,register/top
1381,2022/10/20 18:10:58,register/top
1762,2022/10/12 21:29:18,register/top
19,2022/10/18 19:48:20,register/top
915,2022/10/26 9:34:10,register/top
1677,2022/10/23 6:15:58,register/top
519,2022/10/13 21:44:43,register/top
1377,2022/10/04 12:11:12,register/top
77,2022/10/25 12:36:44,register/top
1590,2022/10/06 1:30:37,register/top
245,2022/10/22 0:18:04,register/top
1373,2022/10/03 20:27:45,register/top
1124,2022/10/11 9:34:45,register/top
1058,2022/10/13 6:45:06,register/top
1663,2022/10/09 11:07:09,register/top
100,2022/10/08 12:27:21,register/top
305,2022/10/30 21:30:14,register/top
370,2022/10/25 21:09:31,register/top
1060,2022/10/17 22:58:32,register/top
151,2022/10/27 1:56:03,register/top
1954,2022/10/31 5:57:00,register/top
1989,2022/10/01 1:51:27,register/top
28,2022/10/19 22:00:35,register/top
837,2022/10/24 3:49:16,register/top
275,2022/10/26 9:59:17,register/top
1324,2022/10/07 17:59:22,register/top
1095,2022/10/21 3:08:34,register/top
1080,2022/10/11 13:35:01,register/top
94,2022/10/17 5:37:05,register/top
213,2022/10/11 20:57:19,register/top
1528,2022/10/29 22:27:49,register/top
1354,2022/10/27 17:12:55,register/top
1435,2022/10/20 7:53:50,register/top
465,2022/10/26 17:04:59,register/top
733,2022/10/30 16:35:00,register/top
1725,2022/10/05 20:27:36,register/top
1506,2022/10/13 15:56:07,register/top
8,2022/10/19 0:42:30,register/top
508,2022/10/15 11:36:24,register/top
570,2022/10/21 14:15:57,register/top
1853,2022/10/07 10:33:20,register/top
10,2022/10/06 4:03:53,register/top
18,2022/10/27 22:03:21,register/top
1249,2022/10/02 6:37:51,register/top
884,2022/10/22 19:06:14,register/top
121,2022/10/18 11:54:33,register/top
788,2022/10/20 15:27:31,register/top
92,2022/10/15 22:18:14,register/top
1274,2022/10/07 16:13:20,register/top
758,2022/10/02 18:02:37,register/top
130,2022/10/15 19:16:51,register/top
803,2022/10/01 6:14:01,register/top
1597,2022/10/19 11:30:13,register/top
1808,2022/10/16 22:51:59,register/top
1742,2022/10/27 20:54:49,register/top
1894,2022/10/02 18:17:42,register/top
427,2022/10/27 2:08:43,register/top
552,2022/10/28 7:46:26,register/top
721,2022/10/30 8:11:51,register/top
983,2022/10/26 11:28:48,register/top
433,2022/10/23 14:50:17,register/top
506,2022/10/03 20:56:34,register/top
835,2022/10/31 5:47:24,register/top
625,2022/10/22 8:56:36,register/top
1913,2022/10/03 19:41:18,register/top
1432,2022/10/05 12:53:56,register/top
1875,2022/10/16 17:52:56,register/top
423,2022/10/03 13:19:38,register/top
169,2022/10/03 21:57:23,register/top
1188,2022/10/19 0:18:53,register/top
350,2022/10/11 18:03:49,register/top
1607,2022/10/15 2:26:28,register/top
1030,2022/10/06 3:22:07,register/top
1317,2022/10/03 12:35:57,register/top
454,2022/10/13 10:03:44,register/top
954,2022/10/03 6:29:16,register/top
398,2022/10/21 3:39:26,register/top
999,2022/10/14 20:57:29,register/top
1696,2022/10/07 10:42:42,register/top
1476,2022/10/18 21:33:21,register/top
542,2022/10/11 23:36:52,register/top
1702,2022/10/12 3:06:02,register/top
633,2022/10/26 2:03:24,register/top
1571,2022/10/15 12:29:18,register/top
1980,2022/10/02 22:54:24,register/top
777,2022/10/14 4:05:56,register/top
474,2022/10/28 23:16:47,register/top
1735,2022/10/25 7:52:33,register/top
1718,2022/10/25 6:40:29,register/top
163,2022/10/29 14:57:32,register/top
51,2022/10/15 18:15:56,register/top
82,2022/10/22 13:00:26,register/top
761,2022/10/01 6:58:24,register/top
1070,2022/10/19 21:16:06,register/top
238,2022/10/06 3:28:20,register/top
437,2022/10/03 14:51:42,register/top
191,2022/10/04 10:53:23,register/top
98,2022/10/23 2:07:19,register/top
882,2022/10/28 13:12:11,register/top
1950,2022/10/18 23:18:20,register/top
1157,2022/10/07 11:35:27,register/top
1921,2022/10/09 2:24:09,register/top
1020,2022/10/16 15:42:15,register/top
657,2022/10/16 22:16:52,register/top
1019,2022/10/12 7:23:20,register/top
1494,2022/10/08 19:26:31,register/top
7,2022/10/03 20:21:45,register/top
74,2022/10/27 13:27:43,register/top
1754,2022/10/11 7:17:06,register/top
1757,2022/10/22 10:16:56,register/top
1449,2022/10/25 13:07:53,register/top
153,2022/10/09 18:27:54,register/top
1271,2022/10/12 0:58:31,register/top
89,2022/10/02 0:39:48,register/top
490,2022/10/12 12:54:50,register/top
1008,2022/10/25 11:07:48,register/top
289,2022/10/06 1:12:00,register/top
525,2022/10/21 16:49:00,register/top
1623,2022/10/08 6:44:27,register/top
1911,2022/10/19 18:54:04,register/top
1053,2022/10/14 17:45:16,register/top
1722,2022/10/19 1:06:57,register/top
1088,2022/10/21 20:10:05,register/top
30,2022/10/26 9:12:06,register/top
1147,2022/10/15 7:37:55,register/top
262,2022/10/25 17:04:04,register/top
1211,2022/10/11 5:01:20,register/top
1223,2022/10/26 1:29:34,register/top
247,2022/10/29 20:34:55,register/top
254,2022/10/07 5:12:06,register/top
1136,2022/10/18 14:55:44,register/top
114,2022/10/28 14:43:10,register/top
1876,2022/10/18 18:54:24,register/top
1849,2022/10/06 10:28:25,register/top
1179,2022/10/03 23:27:40,register/top
1813,2022/10/09 5:37:46,register/top
1397,2022/10/26 4:57:08,register/top
1483,2022/10/21 6:53:38,register/top
1737,2022/10/01 14:01:49,register/top
1322,2022/10/30 19:51:14,register/top
1892,2022/10/02 10:35:15,register/top
1228,2022/10/23 6:50:03,register/top
1235,2022/10/09 16:01:53,register/top
1560,2022/10/06 13:17:32,register/top
1661,2022/10/18 0:22:50,register/top
784,2022/10/02 8:25:46,register/top
1739,2022/10/01 10:05:32,register/top
1309,2022/10/25 22:29:06,register/top
1330,2022/10/13 17:07:07,register/top
1999,2022/10/01 12:33:55,register/top
1048,2022/10/06 2:39:17,register/top
1231,2022/10/23 6:08:34,register/top
327,2022/10/11 3:09:47,register/top
1632,2022/10/09 22:45:25,register/top
1776,2022/10/01 21:15:22,register/top
1689,2022/10/31 14:53:41,register/top
1927,2022/10/20 17:58:40,register/top
1460,2022/10/19 12:52:32,register/top
1526,2022/10/29 6:35:12,register/top
1202,2022/10/07 20:09:08,register/top
477,2022/10/19 18:53:12,register/top
943,2022/10/07 8:49:08,register/top
534,2022/10/23 3:49:33,register/top
384,2022/10/16 0:50:07,register/top
2000,2022/10/17 20:02:17,register/top
1579,2022/10/27 10:41:37,register/top
648,2022/10/16 7:33:44,register/top
397,2022/10/23 3:05:30,register/top
112,2022/10/22 1:09:30,register/top
629,2022/10/18 5:42:34,register/top
1098,2022/10/07 22:10:30,register/top
515,2022/10/18 0:04:57,register/top
1836,2022/10/10 9:35:15,register/top
1867,2022/10/03 20:31:36,register/top
1313,2022/10/09 9:40:27,register/top
1900,2022/10/30 10:22:56,register/top
1241,2022/10/03 12:35:53,register/top
1777,2022/10/13 8:53:11,register/top
635,2022/10/31 21:17:15,register/top
1303,2022/10/31 11:29:05,register/top
1521,2022/10/16 2:17:26,register/top
1916,2022/10/12 20:16:08,register/top
224,2022/10/03 3:16:38,register/top
1453,2022/10/05 5:56:17,register/top
1044,2022/10/02 23:23:39,register/top
1636,2022/10/11 11:19:29,register/top
610,2022/10/10 23:29:34,register/top
1417,2022/10/06 16:57:30,register/top
495,2022/10/17 19:22:10,register/top
478,2022/10/06 9:13:16,register/top
1462,2022/10/19 15:52:04,register/top
1891,2022/10/02 9:35:14,register/top
416,2022/10/15 16:44:12,register/top
696,2022/10/18 22:18:51,register/top
72,2022/10/18 7:43:30,register/top
1705,2022/10/14 4:52:18,register/top
1499,2022/10/31 11:21:48,register/top
743,2022/10/13 11:51:59,register/top
518,2022/10/14 20:31:04,register/top
451,2022/10/19 8:24:07,register/top
529,2022/10/14 3:53:38,register/top
1660,2022/10/05 15:09:52,register/top
1101,2022/10/02 23:21:13,register/top
1170,2022/10/18 5:26:48,register/top
90,2022/10/19 14:25:44,register/top
923,2022/10/19 22:04:41,register/top
1200,2022/10/16 16:51:44,register/top
754,2022/10/25 13:41:20,register/top
512,2022/10/16 10:31:39,register/top
704,2022/10/07 23:31:53,register/top
1391,2022/10/14 18:59:29,register/top
548,2022/10/08 12:43:03,register/top
942,2022/10/31 22:42:38,register/top
1094,2022/10/01 18:37:28,register/top
1029,2022/10/30 16:24:08,register/top
826,2022/10/02 17:25:46,register/top
841,2022/10/12 6:39:29,register/top
1795,2022/10/11 15:19:40,register/top
1539,2022/10/11 8:09:08,register/top
916,2022/10/16 3:53:17,register/top
430,2022/10/05 22:27:47,register/top
1480,2022/10/31 13:52:58,register/top
368,2022/10/06 5:24:47,register/top
1600,2022/10/26 13:48:00,register/top
851,2022/10/31 3:55:35,register/top
466,2022/10/22 0:37:48,register/top
1243,2022/10/09 7:24:24,register/top
1522,2022/10/02 4:17:52,register/top
1676,2022/10/31 7:27:35,register/top
131,2022/10/27 2:40:44,register/top
868,2022/10/01 8:41:27,register/top
671,2022/10/05 20:27:20,register/top
989,2022/10/18 9:41:03,register/top
295,2022/10/28 6:07:49,register/top
223,2022/10/08 5:21:50,register/top
1359,2022/10/25 12:55:20,register/top
513,2022/10/16 20:05:44,register/top
232,2022/10/12 6:41:55,register/top
1749,2022/10/26 12:13:43,register/top
414,2022/10/12 8:27:52,register/top
1408,2022/10/24 7:12:56,register/top
663,2022/10/18 15:14:57,register/top
611,2022/10/25 14:55:48,register/top
937,2022/10/07 22:18:23,register/top
1073,2022/10/19 0:34:30,register/top
1410,2022/10/29 15:53:53,register/top
940,2022/10/28 16:02:04,register/top
278,2022/10/15 1:03:06,register/top
84,2022/10/30 14:02:09,register/top
1511,2022/10/26 6:05:46,register/top
1160,2022/10/06 0:27:57,register/top
1500,2022/10/16 15:34:51,register/top
1130,2022/10/30 19:33:20,register/top
752,2022/10/13 1:19:50,register/top
1566,2022/10/05 3:10:21,register/top
932,2022/10/24 23:02:06,register/top
1340,2022/10/17 12:15:27,register/top
674,2022/10/29 23:23:27,register/top
1670,2022/10/22 5:14:43,register/top
1589,2022/10/20 11:41:14,register/top
66,2022/10/04 20:27:50,register/top
1861,2022/10/08 6:51:00,register/top
1563,2022/10/29 11:07:43,register/top
387,2022/10/25 18:05:33,register/top
1548,2022/10/27 19:45:39,register/top
1047,2022/10/13 15:38:11,register/top
1027,2022/10/31 23:00:28,register/top
1100,2022/10/24 2:30:30,register/top
160,2022/10/25 4:57:05,register/top
661,2022/10/08 1:38:18,register/top
707,2022/10/20 23:40:39,register/top
821,2022/10/09 10:00:59,register/top
1692,2022/10/25 2:03:58,register/top
1089,2022/10/21 2:55:37,register/top
1773,2022/10/31 8:53:42,register/top
382,2022/10/03 17:10:04,register/top
1481,2022/10/05 11:14:54,register/top
1814,2022/10/20 9:27:31,register/top
1360,2022/10/07 14:10:59,register/top
348,2022/10/06 19:57:33,register/top
1457,2022/10/23 11:48:14,register/top
1052,2022/10/07 11:27:51,register/top
510,2022/10/20 4:33:14,register/top
199,2022/10/14 14:48:37,register/top
1496,2022/10/25 4:50:37,register/top
1315,2022/10/11 1:05:51,register/top
159,2022/10/11 19:41:33,register/top
1609,2022/10/19 18:20:27,register/top
1497,2022/10/27 1:26:08,register/top
1926,2022/10/02 9:42:23,register/top
1701,2022/10/26 9:11:43,register/top
667,2022/10/29 10:44:19,register/top
737,2022/10/12 23:23:52,register/top
1484,2022/10/03 10:06:44,register/top
449,2022/10/14 10:53:38,register/top
1866,2022/10/24 21:01:03,register/top
1102,2022/10/22 1:16:39,register/top
1224,2022/10/27 4:37:39,register/top
1306,2022/10/08 4:11:35,register/top
1149,2022/10/18 2:03:10,register/top
1424,2022/10/26 11:32:03,register/top
1209,2022/10/14 0:34:52,register/top
162,2022/10/16 20:13:11,register/top
584,2022/10/14 15:39:29,register/top
1835,2022/10/04 8:38:27,register/top
261,2022/10/04 15:35:41,register/top
966,2022/10/01 1:24:38,register/top
391,2022/10/13 17:24:02,register/top
1832,2022/10/04 16:32:33,register/top
650,2022/10/09 6:31:40,register/top
155,2022/10/07 21:41:05,register/top
204,2022/10/04 10:28:46,register/top
1438,2022/10/26 5:36:46,register/top
987,2022/10/26 22:58:44,register/top
771,2022/10/30 15:13:55,register/top
1860,2022/10/25 4:23:29,register/top
528,2022/10/20 12:40:17,register/top
1761,2022/10/11 18:00:09,register/top
484,2022/10/22 1:50:46,register/top
1085,2022/10/06 21:45:11,register/top
931,2022/10/18 7:34:49,register/top
1646,2022/10/25 10:28:05,register/top
202,2022/10/25 2:43:12,register/top
723,2022/10/18 17:34:56,register/top
1392,2022/10/01 5:37:32,register/top
1207,2022/10/27 13:23:45,register/top
1254,2022/10/04 8:39:51,register/top
1922,2022/10/19 20:53:57,register/top
782,2022/10/21 23:52:02,register/top
1084,2022/10/11 17:57:57,register/top
313,2022/10/09 2:45:28,register/top
918,2022/10/17 2:00:18,register/top
1192,2022/10/30 15:34:50,register/top
1164,2022/10/25 0:40:51,register/top
867,2022/10/13 10:24:10,register/top
1567,2022/10/08 19:45:34,register/top
1767,2022/10/06 9:55:28,register/top
195,2022/10/09 11:44:20,register/top
975,2022/10/13 19:03:44,register/top
1282,2022/10/18 18:22:48,register/top
1296,2022/10/14 0:20:15,register/top
1197,2022/10/03 12:12:02,register/top
248,2022/10/07 20:26:33,register/top
167,2022/10/26 18:43:25,register/top
178,2022/10/26 17:05:40,register/top
1451,2022/10/08 14:48:54,register/top
543,2022/10/23 18:58:23,register/top
1948,2022/10/19 7:02:45,register/top
5,2022/10/15 17:35:10,register/top
1639,2022/10/15 9:54:04,register/top
1363,2022/10/22 8:48:42,register/top
53,2022/10/03 8:21:46,register/top
1176,2022/10/01 16:16:01,register/top
571,2022/10/25 3:24:25,register/top
1969,2022/10/07 11:58:37,register/top
1135,2022/10/20 14:39:18,register/top
81,2022/10/25 9:12:08,register/top
1355,2022/10/16 1:10:26,register/top
1986,2022/10/17 10:47:15,register/top
266,2022/10/05 2:20:28,register/top
1944,2022/10/18 3:37:29,register/top
537,2022/10/27 3:46:53,register/top
46,2022/10/20 16:36:24,register/top
1222,2022/10/02 23:33:41,register/top
827,2022/10/17 8:12:51,register/top
1977,2022/10/21 9:34:43,register/top
1178,2022/10/06 17:06:23,register/top
1805,2022/10/17 14:02:10,register/top
1218,2022/10/29 19:38:56,register/top
1469,2022/10/22 4:52:47,register/top
296,2022/10/10 7:24:44,register/top
1221,2022/10/21 21:23:34,register/top
908,2022/10/13 17:07:53,register/top
1706,2022/10/26 13:29:48,register/top
359,2022/10/15 12:19:39,register/top
1115,2022/10/21 22:49:08,register/top
1793,2022/10/24 6:32:11,register/top
1295,2022/10/01 1:45:04,register/top
259,2022/10/13 17:37:00,register/top
1307,2022/10/24 4:13:11,register/top
1076,2022/10/05 20:32:07,register/top
753,2022/10/01 10:47:48,register/top
486,2022/10/17 18:38:43,register/top
958,2022/10/20 10:13:28,register/top
698,2022/10/27 15:56:09,register/top
1107,2022/10/18 10:55:12,register/top
885,2022/10/22 20:30:21,register/top
524,2022/10/12 13:19:40,register/top
974,2022/10/14 0:41:58,register/top
265,2022/10/05 15:56:48,register/top
1555,2022/10/08 20:25:02,register/top
157,2022/10/08 17:29:44,register/top
385,2022/10/28 5:08:32,register/top
1562,2022/10/02 10:19:13,register/top
741,2022/10/22 1:42:25,register/top
601,2022/10/28 18:22:29,register/top
1327,2022/10/16 22:43:27,register/top
906,2022/10/05 2:39:48,register/top
957,2022/10/10 17:10:39,register/top
1941,2022/10/29 15:11:24,register/top
1907,2022/10/28 9:01:46,register/top
1474,2022/10/18 22:35:59,register/top
669,2022/10/09 5:12:50,register/top
604,2022/10/31 8:21:30,register/top
1890,2022/10/20 11:11:50,register/top
746,2022/10/13 3:58:13,register/top
695,2022/10/05 23:31:04,register/top
1881,2022/10/20 2:01:46,register/top
794,2022/10/25 2:41:30,register/top
425,2022/10/22 17:22:59,register/top
1928,2022/10/16 20:13:04,register/top
1026,2022/10/17 12:01:38,register/top
1400,2022/10/29 2:06:51,register/top
1256,2022/10/05 15:58:44,register/top
614,2022/10/27 5:17:17,register/top
110,2022/10/04 9:55:41,register/top
959,2022/10/18 16:08:49,register/top
1189,2022/10/09 22:22:16,register/top
953,2022/10/29 4:22:04,register/top
1320,2022/10/08 3:41:18,register/top
242,2022/10/06 16:35:47,register/top
567,2022/10/05 2:23:17,register/top
168,2022/10/14 17:21:41,register/top
1260,2022/10/16 10:26:02,register/top
1747,2022/10/13 2:17:53,register/top
1002,2022/10/02 21:27:01,register/top
364,2022/10/16 11:16:57,register/top
1148,2022/10/15 9:29:54,register/top
628,2022/10/12 17:54:51,register/top
1270,2022/10/12 13:43:44,register/top
1403,2022/10/19 5:41:33,register/top
1336,2022/10/23 7:00:12,register/top
569,2022/10/01 7:51:31,register/top
302,2022/10/13 0:11:54,register/top
124,2022/10/07 14:19:06,register/top
1046,2022/10/26 16:49:35,register/top
818,2022/10/03 8:36:08,register/top
1578,2022/10/14 17:08:20,register/top